src	tsvRow	title	disposition	where	note
qa	1	A vertical swipe that starts on the Foray strip seeks instead of scrolling	fixed	L3-styles-sheets (merge 3d734d2, PR #742); e901fcd; sweep (PR #742) re-verified	not assigned to a lane; same defect as persona 8: the strip is pan-y and a vertical flick scrolls
qa	2	The Now Playing scrub bar has no touch-action, so dragging the thumb scrolls the sheet	fixed	L3-styles-sheets (merge 3d734d2, PR #742)	.fp-scrub touch-action: pan-y, 44px min-height
qa	3	The Continue banner's ✓ "Done with this" button has no handler and navigates instead	refuted	audit verifier	refuted by the 2026-09-22 adversarial verifier; kept so it is not re-raised
qa	4	Chapter rows are a ~19px tap target although the CSS comment claims 48px	fixed	L3-styles-sheets (merge 3d734d2, PR #742)	chapter rows are 44px targets
qa	5	Up Next reorder arrows are 28x22px, stacked 2px apart	fixed	L3-styles-sheets (merge 3d734d2, PR #742)	Up Next row wraps; arrows 40x40 with 44px hit areas
qa	6	Per-segment thumbs are 30x30px, though a neighbouring comment sizes the layout around "the 44px-ish thumb target"	fixed	L3-styles-sheets (merge 3d734d2, PR #742)	thumbs keep 30px visual, 44px hit, non-overlapping
qa	7	Inline description timestamps are zero-padding inline buttons that seek playback	fixed	L3-styles-sheets (merge 3d734d2, PR #742)	description timestamps get a padded hit box without reflow
qa	8	"Start over" is a ~16px underlined target sitting 10px above the 12px scrub strip	fixed	L3-styles-sheets (merge 3d734d2, PR #742)	Start over is a 44px target clear of the strip
qa	9	Modal sheets with text inputs are stranded behind the soft keyboard	fixed	L3-styles-sheets (merge 3d734d2, PR #742)	sheet panels ride --kb-inset above the keyboard
qa	10	The mini player's artwork is a 40px dead target where every podcast app opens the player	fixed	L3-styles-sheets (merge 3d734d2, PR #742)	mini-bar artwork opens Now Playing
qa	11	The mini player's "Open player" button is ~35px tall inside a ~56px bar, with dead strips above and below	fixed	L3-styles-sheets (merge 3d734d2, PR #742)	the open-the-player button fills the bar's height
qa	12	Every episode row stacks two unpadded navigation links ~2px apart	fixed	L3-styles-sheets (merge 3d734d2, PR #742)	stretched-link: an episode row's text block opens the episode
qa	13	The mini player applies the home-indicator inset twice, leaving a dead band above the tab bar	fixed	L3-styles-sheets (merge 3d734d2, PR #742)	the docked mini player no longer adds the home-indicator inset twice (needs a notched-device check)
qa	14	A narration beat's play button is a 30px-tall strip	fixed	L3-styles-sheets (merge 3d734d2, PR #742)	narration beat play targets are 44px
qa	15	The Audition button inside a voice row is ~29px, and a miss silently changes the narration voice	fixed	L3-styles-sheets (merge 3d734d2, PR #742)	Audition/Preview gets a 44px hit area; explicit radio selection left as a design call
qa	16	Up Next's remove ✕ is a 32px destructive button crowded against the 22px reorder arrows	fixed	L3-styles-sheets (merge 3d734d2, PR #742)	Up Next remove is 44px hit and 20px from the arrows
qa	17	Row play and star buttons are 40x40, with the row's only other targets 10px away	fixed	L3-styles-sheets (merge 3d734d2, PR #742)	row play and star get 44px hit areas via the shared rule
qa	18	Topbar menu and refresh buttons are 42x42	fixed	L3-styles-sheets (merge 3d734d2, PR #742)	topbar buttons get 44px hit areas
qa	19	The sheet drag-dismiss gesture ignores pointerId, so a second finger restarts it mid-drag	fixed	L3-styles-sheets (merge 3d734d2, PR #742)	sheet drag tracks one pointerId
qa	20	The Now Playing sheet's collapse ✕ is 36x36	fixed	L3-styles-sheets (merge 3d734d2, PR #742)	the grab-zone close gets a 44px hit area
qa	21	Scrubber and ±seek buttons are dead once playback has ended; the thumb silently snaps back	fixed	L2-player (merge b6c75e9, PR #742); 3c7cf42, a8ad521	an ended or idle episode's seek moves restoredPending; foraySeek reloads a finished Foray
qa	22	Dragging the Foray scrubber fully right disarms the out-point and free-plays into the source episode	fixed	L2-player (merge b6c75e9, PR #742); a8ad521	sourceOffsetFor lands 0.25 s inside the item so the out-point stays armed
qa	23	A restored Now Playing ribbon installs no MediaSession handlers — the car/lock-screen play button does nothing	already-fixed	PR #733; re-verified by L2	restoreLastEpisode installs the episode media handlers
qa	24	`ForayPlayer.play()` reports success even when the episode audio 404s, and nothing on screen says it failed	fixed	L2-player (merge b6c75e9, PR #742); 9c2552a	play() returns false on a failed load; the bar says it didn't load and the same press retries
qa	25	The Foray page's main button is painted from the stale belief, not the #689 authority — it says "Resume" while audio plays, and the press pauses	fixed	L2-player (merge b6c75e9, PR #742); 16a334a	the Foray page paints its button from running: transportIsRunning()
qa	26	Every transport control except play/pause is dead on a restored ribbon, and a scrub there is silently discarded	fixed	L2-player (merge b6c75e9, PR #742); 3c7cf42	every episode seek goes through seekEpisodeTo/By, which move a restored bar
qa	27	An episode you just finished shows an empty progress bar and "60 min left" in Jump back in	fixed	L2-player (merge b6c75e9, PR #742); 21c3d21	Jump back in reads the raw row: a finished episode says Played at 100%
qa	28	Spoken narration bridges play at the listener's chosen speed, contradicting the 1.0x rule, and the Foray clock jumps at the seam	deferred-founder	L2-player (merge b6c75e9, PR #742)	synthesized bridges speak at the listener's rate on purpose (resetRateForTTS) against corner case #18's 1.0x; founder question
qa	29	Mini-bar progress fill and scrub thumb keep the previous episode's position when the new duration is unknown	fixed	L2-player (merge b6c75e9, PR #742); 3c7cf42	render() always writes fill and thumb; an unknown duration paints 0
qa	30	The in-list card's play glyph disagrees with the mini bar's during a seam beat and in the #689 drift case	fixed	L2-player (merge b6c75e9, PR #742); 16a334a	syncCardButtons reads transportIsRunning()
qa	31	Lock screen / car reports PAUSED while audio is coming out (the #689 drift is not fixed on the OS surface)	fixed	L2-player (merge b6c75e9, PR #742); 16a334a	the lock screen's playing state reads transportIsRunning()
qa	32	After a narration bridge the next segment loads cold — the jingle plays, then several seconds of unexplained silence	refuted	audit verifier	refuted by the 2026-09-22 adversarial verifier; kept so it is not re-raised
qa	33	"Timings on this show are approximate." can never appear	refuted	audit verifier	refuted by the 2026-09-22 adversarial verifier; kept so it is not re-raised
qa	34	Two quick taps of "››" advance one segment and freeze the clock in between	refuted	audit verifier	refuted by the 2026-09-22 adversarial verifier; kept so it is not re-raised
qa	35	"30 ↻" has no upper clamp while "↺ 15" clamps at zero	fixed	L2-player (merge b6c75e9, PR #742); 3c7cf42	clampEpisodeTarget clamps every seek to [0, duration - 1 s]
qa	36	"››" on the last segment does nothing and is never disabled	fixed	L2-player (merge b6c75e9, PR #742); a8ad521, cd1c212	the next-clip button is disabled on the last segment, and looks it
qa	37	Scrubbing into a narration bridge computes a NaN target and restarts the bridge from the top	fixed	L2-player (merge b6c75e9, PR #742); a8ad521	a scrub into a bridge lands where aimed (no NaN)
qa	38	A timestamp tap passes a string where the player expects `{ why }`	fixed	L2-player (merge b6c75e9, PR #742); f9b86dc	play() accepts only opts.why; the timestamp handler passes whyFor()
qa	39	A finished Foray's main button says "▶ Resume" while the lock screen shows no transport at all	fixed	L2-player (merge b6c75e9, PR #742); 16a334a	a finished Foray says Start over and the press restarts it
qa	40	Remaining time reads "-0:00" at the exact end instead of settling at zero or saying finished	fixed	L2-player (merge b6c75e9, PR #742); 3c7cf42	the countdown reads 0:00 at the end, not -0:00
qa	41	v1's light-mode palette leaks onto the permanently-dark ui-v2 page	fixed	L3-styles-sheets (merge 3d734d2, PR #742)	ui-v2 aliases every v1 token a live rule reads; ui-tokens enumerates them
qa	42	"Delete everything" is violet like every other primary button — its red is overridden	fixed	L6-persist-settings (merge c9273f7, PR #742); 08721ba	the delete confirm reads --danger
qa	43	Home's "Episodes for you" cards are v1: Georgia titles at 1.2rem beside Fraunces at 0.95rem	fixed	visual pass 1 (PR #744); d55726e	Georgia -> the display face at the title step; founder ruling 2026-09-23 (docs/DECISIONS.md); pinned by test/ui-tokens.test.js
qa	44	The stretch bridge line is injected inside .mini-card's flex row, so it lands beside the star button	fixed	L3-styles-sheets (merge 3d734d2, PR #742)	the stretch bridge line is a row of its own
qa	45	"Generated for you" is amber on Home and violet on Search — and amber contradicts the documented split	fixed	L3-styles-sheets (merge 3d734d2, PR #742)	Home badge is violet like Search; the two badge shapes are a founder taste question
qa	46	The "Stretch" tag is blue on one Home card and violet on the next	fixed	L3-styles-sheets (merge 3d734d2, PR #742)	--accent aliases --violet under ui-v2
qa	47	The brand wordmark in the topbar is Georgia; the .wordmark rule written for it is never used	fixed	visual pass 1 (PR #744); d55726e	the topbar 4a is the .wordmark (Fraunces italic), the greeting's mark; founder ruling 2026-09-23
qa	48	A Foray page's sticky transport pins behind the sticky page header	fixed	L3-styles-sheets (merge 3d734d2, PR #742); b3d1031	--page-head-h published; the Foray transport pins beneath a showing header
qa	49	Home always scrolls by the height of the tab bar into empty background	fixed	L3-styles-sheets (merge 3d734d2, PR #742)	Home v2 drops the inherited 100svh floor
qa	50	The Create page's primary button is v1 blue; the identical button on Playlists is violet	fixed	L3-styles-sheets (merge 3d734d2, PR #742)	the Create button joins the violet primary rule
qa	51	Section labels on one page are half Fraunces, half Georgia	fixed	visual pass 1 (PR #744); d55726e	one eyebrow style (text face, caption step, small caps) on every section label; founder ruling 2026-09-23
qa	52	On a light-set device the segment strip's narration hatch turns black on a dark page	fixed	L3-styles-sheets (merge 3d734d2, PR #742)	the dark segment palette is owned on the ui-v2 scope
qa	53	Search results show three row shapes, and the Playlists section's rows sit at double the gap	fixed	L3-styles-sheets (merge 3d734d2, PR #742)	double gap and row radius fixed; elevation difference left as taste
qa	54	"Tap a subject" pills are two different components on two screens	fixed	visual pass 1 (PR #744); d55726e; 30ecc0f	one pill (.fy-chip) on Search, Create and the reason sheet; .cr-pill gone; in the 44px tap-target rule since the review; founder ruling 2026-09-23
qa	55	"N min left" is gold on a Foray page and amber on Home	fixed	L3-styles-sheets (merge 3d734d2, PR #742)	--gold aliases --amber under ui-v2
qa	56	The menu's only coloured item is "Delete my data", in a retired v1 gold	fixed	L6-persist-settings (merge c9273f7, PR #742); 08721ba	'Delete my data' is an ordinary drawer item
qa	57	v1 accent blue survives in five live v2 controls	fixed	L3-styles-sheets (merge 3d734d2, PR #742)	all five controls read --accent, now violet
qa	58	Chapter rows, Foray rows and source links have hover-only feedback on a touch-first app	fixed	L3-styles-sheets (merge 3d734d2, PR #742)	:active paired with every hover-only rule
qa	59	The same square artwork is flat-and-bordered on the Episode page and heavily lifted-and-unbordered in the Now Playing sheet	fixed	visual pass 1 (PR #744); d55726e	one square-artwork treatment (md radius, hairline, --shadow-lift) on show, episode and Now Playing; founder ruling 2026-09-23
qa	60	There is no radius scale: --radius is used 13 times out of 74, and one sheet contains four radii	fixed	visual pass 1 (PR #744); d55726e; ac42def	a seven-step radius scale, every corner reads it; rows/cards on lg, controls on md, CTAs capsules (Go/Build fixed in the review); founder ruling 2026-09-23
qa	61	Token values are duplicated as raw hex, so the palette can drift against itself	refuted	audit verifier	refuted by the 2026-09-22 adversarial verifier; kept so it is not re-raised
qa	62	Clear-search ✕ is bound to mousedown only, so Enter/Space do nothing	fixed	L4-copy-labels (merge dd4ddcf, PR #742)	clear-search answers keyboard clicks
qa	63	The Foray segment strip is clickable but keyboard-unreachable and nameless	refuted	audit verifier	refuted by the 2026-09-22 adversarial verifier; kept so it is not re-raised
qa	64	Every action in the Narration-voice sheet destroys the element that was just activated	fixed	L3-styles-sheets (merge 3d734d2, PR #742)	voice sheet restores focus to the same voice and announces the selection
qa	65	Up Next reorder and remove rebuild the whole page, so focus is lost on every press	fixed	L3-styles-sheets (merge 3d734d2, PR #742)	Up Next reorder/remove keep focus and announce
qa	66	The voice-fallback hint is rewritten into an aria-live region four times a second	fixed	L4-copy-labels (merge dd4ddcf, PR #742)	the Foray notice line is written once per change
qa	67	Star buttons' accessible names are frozen — and the show star's is inverted after one tap	fixed	L4-copy-labels (merge dd4ddcf, PR #742)	star buttons' names follow state: Save episode/Saved, Follow/Followed
qa	68	A playing card's play button still announces "Play <title>" while it means Pause	fixed	L4-copy-labels (merge dd4ddcf, PR #742)	a playing card's button is renamed Pause <title>
qa	69	The mini bar's info button hides the episode title from screen readers and lies about collapsing	fixed	L4-copy-labels (merge dd4ddcf, PR #742)	the mini bar is named 'Now playing: <title>, <show>' with aria-expanded in sync
qa	70	No sheet in the app moves focus, traps Tab, or closes on Escape	fixed	L3-styles-sheets (merge 3d734d2, PR #742); a0aa104, 4c279e6	one openSheet/closeSheet owner: focus, inert, Tab trap, Escape, single instance
qa	71	The Now Playing sheet is a full-screen overlay with no dialog semantics at all	fixed	L3-styles-sheets (merge 3d734d2, PR #742)	Now Playing is role=dialog aria-modal, opened through the owner
qa	72	The scrub slider announces raw 0–1000 ticks instead of a time	fixed	L4-copy-labels (merge dd4ddcf, PR #742)	the scrub slider has aria-valuetext '<now> of <total>'
qa	73	Search results and result counts paint with no live region	fixed	L4-copy-labels (merge dd4ddcf, PR #742)	search notes are polite status regions
qa	74	Six text fields are labelled by placeholder alone	fixed	L4-copy-labels (merge dd4ddcf, PR #742)	every text field has an aria-label; search forms are role=search
qa	75	The Foray main button says "Resume" / "Loading…" but announces "Play"	fixed	L4-copy-labels (merge dd4ddcf, PR #742)	the Foray main button's name matches its text in all four states
qa	76	Which Foray beat is playing, and which are done, is conveyed only visually	fixed	L4-copy-labels (merge dd4ddcf, PR #742)	running-order rows carry aria-current and a state name
qa	77	Down-vote reason chips signal selection with colour only, no aria-pressed	fixed	L4-copy-labels (merge dd4ddcf, PR #742)	down-vote chips carry aria-pressed
qa	78	Play and star buttons are nested inside the anchors they sit on	fixed	visual pass 1 (PR #744); 30ecc0f; ac42def	Jump back in and the subject cards are stretched-link cards (title is the one <a>, controls are siblings); the unreachable Continue banner was deleted rather than restructured; test/card-anatomy.test.js walks the rendered HTML and every template literal
qa	79	ui-v2's --faint fails contrast on real copy and on the Up Next remove button	fixed	sweep (PR #742); d6ae770	handed from L4 to L3 and not taken: --faint paints no text or live control (six sites to --muted); ui-tokens pins the rule
qa	80	A route change moves no focus, announces nothing, and never updates the page title	fixed	sweep (PR #742); 322d761	handed from L3 to L1 and not taken: landOnPage() names the document after the page heading, lands lost focus on it (or #view), announces when focus survived
qa	81	Voice rows use an orphan radio role with a nested button and all rows as tab stops	fixed	L4-copy-labels (merge dd4ddcf, PR #742)	voice list is a radiogroup with roving tabindex and a sibling Preview button
qa	82	`bindForayScripts` adds a click listener to the persistent `#view` on every Foray render, so "Show more" toggles N times per tap	fixed	L1-identity-nav (merge d4e8725, PR #742)	Show-more toggle is one delegated listener bound once from init()
qa	83	Show page's "still mounted" check is not show-specific: show A's episodes, description and count paint onto show B's page	fixed	L1-identity-nav (merge d4e8725, PR #742)	renderEpoch/renderToken(): async show paints compare render identity, not container presence
qa	84	Leaving and re-entering #/shows does not supersede in-flight search passes, so the previous query's results paint onto an empty search box	fixed	L1-identity-nav (merge d4e8725, PR #742)	renderAllShows supersedes in-flight show-search passes
qa	85	`anyStale` is sticky and the unchanged-list early return skips the repaint, so the show page keeps saying "couldn't refresh just now" after a refresh that succeeded	fixed	L1-identity-nav (merge d4e8725, PR #742)	anyStale set by the latest answer; the unchanged-list branch repaints the count label
qa	86	A foreground directory refresh re-renders the whole show/Foray page under the listener, dropping a typed episode search and the keyboard	fixed	L1-identity-nav (merge d4e8725, PR #742)	foreground refresh repaints only when the Foray surface signature changed; show page repaints only its footer slot
qa	87	The "4a is showing its last saved copy" bar reappears after being dismissed, because the worker sends one `stale-shell` per code file	fixed	L1-identity-nav (merge d4e8725, PR #742)	shellNoticeDismissed holds for the page load
qa	88	`syncCardButtons` rewrites a row's play glyph but never its `aria-label`, so a screen reader is told "Play <episode>" on a button that pauses	fixed	L4 (merge dd4ddcf); sweep (PR #742) re-verified	same defect as qa 68: syncCardButtons repaints the aria-label through paintControl ('Pause <title>')
qa	89	`_loadItem` stamps `_loadedId` before its supersession check, so a superseded load can claim the element and cost the listener their position on the next resume	fixed	L2 commit 760906d; sweep (PR #742) re-verified	_loadItem checks _loadSeq before stamping _loadedId; pinned in transport-reconcile part 5
qa	90	`HtmlAudioBackend.load()` installs media listeners with no `_loadSeq` guard, so an overlapping load seeks the element to the abandoned segment's in-point	fixed	L2 commit 760906d; sweep (PR #742) re-verified	HtmlAudioBackend.load listeners capture _loadSeq and settle as superseded
qa	91	The Foray page's speed menu has no single-instance guard, so two taps stack two modals and one Cancel leaves the page covered	fixed	L3 (merge 3d734d2); sweep (PR #742) re-verified	speed menu goes through the openSheet owner's single-instance rule; pinned in modal-and-focus
qa	92	Auditioning a second narration voice before the first answers clears the spinner and can show the wrong voice-fallback notice	refuted	audit verifier	refuted by the 2026-09-22 adversarial verifier; kept so it is not re-raised
qa	93	`body.fy-sheet-open` is in `PERSISTENT_BODY_CLASSES`, so the Foray feedback sheet leaves a modal scroll-lock class behind when the page navigates	fixed	L3 (merge 3d734d2); sweep (PR #742) re-verified	fy-sheet-open left PERSISTENT_BODY_CLASSES and is derived from the sheet stack
qa	94	Show page subtitle says "7 episodes" over a body that shows none — the 2026-09-21 fix broke its own premise	fixed	L5-states-boot (merge 4c8dcb8, PR #742); 552072a	subtitle and body share one outcome writer
qa	95	Up Next says "Episode no longer available" for every episode added from a show page	fixed	L1-identity-nav (merge d4e8725, PR #742)	liveEpisode(): pool member OR held snapshot with audio_url; addToQueue writes the snapshot
qa	96	Library → History reads "No longer available" for every episode you actually played from a show page	fixed	L1-identity-nav (merge d4e8725, PR #742)	recordHistory() is the one cp_history writer and stores the snapshot
qa	97	Library → Saved renders a starred show-page episode as unplayable, though its snapshot carries audio_url	fixed	L1-identity-nav (merge d4e8725, PR #742)	a saved snapshot with audio_url resolves live
qa	98	Shows search flashes "No results for X." on the keystroke, before any of the four network passes has run	fixed	L5-states-boot (merge 4c8dcb8, PR #742); 9f15bdc	'Searching for …' until every pass has answered
qa	99	#/forays says "0 forays" and "No forays right now" whenever the player module has not evaluated, and never corrects itself	fixed	L5-states-boot (merge 4c8dcb8, PR #742); 552072a, 0341fa5	#/forays waits for the player with a time limit; failure offers Try again
qa	100	Home is a bare greeting when any data file fails to load — a success state with zero content	refuted	audit verifier	refuted by the 2026-09-22 adversarial verifier; kept so it is not re-raised
qa	101	Cold boot shows an empty page with no loading state at all	fixed	L5-states-boot (merge 4c8dcb8, PR #742); 4d371a5	boot line before the first await; Try again on failure; search documents load after first route
qa	102	The Shows page's browse-subject pills land on "No results for …" for a third of the taxonomy	fixed	L5-states-boot (merge 4c8dcb8, PR #742)	no 'No results' until every endpoint replied; a subject's name offers its categories
qa	103	"Showing shows available offline" outlives the search it explained	fixed	L4-copy-labels (merge dd4ddcf, PR #742)	the offline note is hidden with the results it explained
qa	104	Up Next auto-advance stops silently at any episode added from a show page	fixed	L1-identity-nav (merge d4e8725, PR #742)	auto-advance resolves the next item through liveEpisode
qa	105	"Episode not found." / "Show not found." / "Loading show…" pages have no back button	fixed	L5-states-boot (merge 4c8dcb8, PR #742)	every status page has a head with a back link
qa	106	A show with zero episodes loses its publisher description	fixed	L5-states-boot (merge 4c8dcb8, PR #742)	the publisher description paints before any outcome branch
qa	107	"1 parts" on three surfaces	fixed	L4-copy-labels (merge dd4ddcf, PR #742)	playlistLengthLabel: '1 episode' / 'N episodes' everywhere
qa	108	Library's empty-playlists state points at a control Home no longer has	fixed	L4-copy-labels (merge dd4ddcf, PR #742)	Library's empty playlists links to Create
qa	109	Episode rows show a dangling " · " when the feed carries no duration	fixed	L4-copy-labels (merge dd4ddcf, PR #742)	joinMeta drops empty pieces
qa	110	#/shows reads "No shows here yet." when the catalogue file failed to load	fixed	L5-states-boot (merge 4c8dcb8, PR #742)	#/shows with no catalogue says so with Try again
qa	111	The Now Playing sheet keeps an empty paragraph's worth of gap where the hook and the timing note would be	fixed	L5-states-boot (merge 4c8dcb8, PR #742); 3e51892	empty hook and timing note are hidden
qa	112	The playlist builder leaves the previous query's failure note up while building the next one	fixed	L4-copy-labels (merge dd4ddcf, PR #742)	the builder hides the old note before building
qa	113	A cached show page claims "couldn't refresh just now" before any refresh has been attempted	fixed	L5-states-boot (merge 4c8dcb8, PR #742)	'couldn't refresh' only after a refresh failed
qa	114	Show A's episode list paints into show B's page — the "still mounted" guard only checks that *some* show page is on screen	fixed	L1-identity-nav (merge d4e8725, PR #742)	same defect as qa 83
qa	115	Back-step scroll restore fires before async pages have painted, so the position is lost AND the memory is overwritten with 0	fixed	L1-identity-nav (merge d4e8725, PR #742); 9b58401	a clamped back-step restore is kept and re-applied by pageDidPaint(); an owed restore expires
qa	116	Reloading or sharing a subject-queue page (#/subject/:branch) says "Playlist not found" — the four branches are re-dealt at random on every load, with a penalty against the ones you just saw	fixed	L1-identity-nav (merge d4e8725, PR #742)	#/subject/<branch> answers for any real branch, deterministically
qa	117	After removing a playlist reached from anywhere but #/playlists, ‹ lands back on the playlist that was just deleted	fixed	L1-identity-nav (merge d4e8725, PR #742)	removing a playlist rewrites its history entry in place
qa	118	A malformed percent-escape in a #/show/, #/category/ or #/foray/ hash throws out of route() — and on a cold load that kills init() before the hashchange listener is ever bound, so the whole app is dead until reload	fixed	L1-identity-nav (merge d4e8725, PR #742)	safeDecode on every param route; init() survives a throwing first route
qa	119	#/playlist/ and #/subject/ are the two routes that still never decode their param, while one live link generator encodes it	fixed	L1-identity-nav (merge d4e8725, PR #742)	#/playlist/ and #/subject/ decode; every producer uses playlistRoute()
qa	120	Tapping a browse pill on the Search tab un-highlights the Search tab	fixed	L1-identity-nav (merge d4e8725, PR #742)	tabForHash matches shows($|/)
qa	121	The Interests page highlights no tab at all	fixed	L1-identity-nav (merge d4e8725, PR #742)	#/interests lights Library
qa	122	An unrecognised hash renders the Home screen but lights no tab	fixed	L1-identity-nav (merge d4e8725, PR #742)	an unknown hash lights Home, matching the router's fallback
qa	123	"Open episode" on the restored now-playing bar leads to "Episode not found" for the episode that is playing	fixed	L1-identity-nav (merge d4e8725, PR #742)	resolveEpisode reads the player's pointer and stored snapshots
qa	124	#/show/pi:<n> is a route the app links to that can never render after a reload	fixed	L1-identity-nav (merge d4e8725, PR #742)	visited and followed pi: shows are remembered; a miss is a real not-found page
qa	125	Every "not found" page is a dead end: no page-head, no ‹	fixed	L1-identity-nav (merge d4e8725, PR #742)	notFoundPage() with a back link on every miss
qa	126	Coming back from a show loses the show search you did to find it	fixed	L1-identity-nav (merge d4e8725, PR #742)	a settled Search query lives in #/shows/q/<q>
qa	127	Coming back from an episode loses the in-show episode search	fixed	L1-identity-nav (merge d4e8725, PR #742); 69dfb20	a show route carries /q/<query> and re-runs it on return
qa	128	"Create a playlist about X" inserts a phantom #/playlists step, so ‹ from the new playlist lands on a page the listener never visited	refuted	audit verifier	refuted by the 2026-09-22 adversarial verifier; kept so it is not re-raised
qa	129	A ?foray= link permanently hijacks Home: reloading while on the home screen bounces back to the Foray	fixed	L1-identity-nav (merge d4e8725, PR #742)	?foray= enters its Foray once per tab; the unlock param stays
qa	130	noteNavigation counts a forward tap onto the page two steps back as a back-step, so a tab tap restores an old scroll position instead of starting at the top	fixed	L1-identity-nav (merge d4e8725, PR #742)	the back/forward step is read from history.state {fyIdx}
qa	131	Tapping the tab you are already on does nothing — not even scroll to top	fixed	L1-identity-nav (merge d4e8725, PR #742)	tapping the current tab scrolls to the top
qa	132	Three spellings of Home mean the first Home-tab tap of a session costs a dead back press	fixed	L1-identity-nav (merge d4e8725, PR #742)	one spelling of Home; a bare hash is rewritten to #/ in place
qa	133	Clearing the show search leaves the query in the URL, so a reload or back-step brings it back	fixed	L1-identity-nav (merge d4e8725, PR #742)	clearing the show search rewrites the address to #/shows
qa	134	Error copy tells the listener to "Pull to refresh" — no pull-to-refresh exists anywhere	fixed	L4-copy-labels (merge dd4ddcf, PR #742)	no 'pull to refresh'; Try again added by L5
qa	135	Library's empty playlist state sends the listener to a screen with no playlist builder	fixed	L4-copy-labels (merge dd4ddcf, PR #742)	same as qa 108
qa	136	Home mini-card renders double punctuation: Starts with "…Save The World?."	fixed	L4-copy-labels (merge dd4ddcf, PR #742)	startsWithLine adds a full stop only when needed
qa	137	The same playlist length is "N parts" on three screens and "N episodes" on two, and only one of the five pluralises	fixed	L4-copy-labels (merge dd4ddcf, PR #742)	one noun through one helper on all five surfaces
qa	138	Stale-shell banner offers "Reload to get the current version" — the code's own comment says reloading reproduces the state	fixed	L4-copy-labels (merge dd4ddcf, PR #742)	stale-shell and generation notices each give the remedy that works
qa	139	The product noun "Foray" is capitalised in half the user-facing strings and lowercase in the other half — including twice on one screen	refuted	audit verifier	refuted by the 2026-09-22 adversarial verifier; kept so it is not re-raised
qa	140	"Starred Shows" on the page, "Starred shows" on the link that opens it	fixed	L4-copy-labels (merge dd4ddcf, PR #742)	'Followed shows' on page and link
qa	141	Browser-centric copy in a shipping native app: "Your browser held the audio back", "reload the page", "This browser has taken storage away"	fixed	L4-copy-labels (merge dd4ddcf, PR #742); L6-persist-settings (merge c9273f7, PR #742)	no browser/page copy in the app; the storage line rewritten by L6
qa	142	An aged-out playlist part states its unavailability twice, in two different wordings, on one row	fixed	L4-copy-labels (merge dd4ddcf, PR #742)	one unavailability statement per row
qa	143	"0 key(s) would not clear." — a lazy plural and developer jargon in the delete-my-data result	fixed	L6 (merge c9273f7); a10ea07	handed to L6: deviceNotClearReason gives plain reasons, no count, no 'key'
qa	144	The Playlists page prints a raw locale date ("9/21/2026") while every other date in the app goes through fmtDate ("Sep 21, 2026")	fixed	L4-copy-labels (merge dd4ddcf, PR #742); c30dc99	playedOnLabel via fmtDate, local time
qa	145	A Foray's pieces are called segments, clips, parts and beats — all user-visible, sometimes on the same screen	fixed	L4-copy-labels (merge dd4ddcf, PR #742)	the listener word is 'clip' in app and player copy
qa	146	Agent-generated Foray titles are Title Case with no closing period, next to sentence-case curated ones in the same rail	deferred-founder	L8-foray-data (PR #741)	no house rule for Foray title case/summary punctuation; the generator writes these fields; founder question
qa	147	fmtDur renders an exact hour as "1h 0m" — 49 episodes in the shipped pool	fixed	L4-copy-labels (merge dd4ddcf, PR #742)	fmtDur renders an exact hour as '1h'
qa	148	On short screens the mini-card hook is clamped to one line, hiding the only concrete thing it says	fixed	L4-copy-labels (merge dd4ddcf, PR #742)	the hook leads with 'Starts with' so the clamp keeps the title
qa	149	"today's queue" and "a daily podcast picker" promise a daily cadence buildCards() does not have	fixed	L4-copy-labels (merge dd4ddcf, PR #742)	'today's queue' became 'picked for you'; the 'daily' tagline is a founder question
qa	150	The episode star announces "Save" — never the state, and in a different word from every other star surface	fixed	L4-copy-labels (merge dd4ddcf, PR #742)	same fix as qa 67
qa	151	The same idea is "your usual topics" in one Home tooltip and "your usual subjects" in the bridge line beneath it	fixed	L4-copy-labels (merge dd4ddcf, PR #742)	'usual subjects' everywhere
qa	152	session.json's fit_line field carries four commute-length violations and no test gates it	open	handed from L4 to L8; not taken by PR #741	data/session.json fit_line/archetype_label carry commute framing and no test gates them. Not rendered by app.js or player/ (only backend/src/curation/sessionBuilder.ts writes fit_line), so outside this branch's files; belongs with the backend copyRules gate
qa	153	Library's subtitle lists its sections in an order the page does not use, and page subtitles have three incompatible shapes	fixed	L1 (merge d4e8725); sweep (PR #742) re-verified	the Library subtitle lists its sections in page order; one subtitle shape across pages is not settled
qa	154	A write localStorage refuses but IndexedDB accepts is silently reverted on the next launch — and the good durable copy is overwritten with the stale one	fixed	L6-persist-settings (merge c9273f7, PR #742); b37004d	cp_storage_stale ledger: a refused local write loses to the durable row next launch
qa	155	Pressing play on an episode you already finished starts it ~15 seconds before the end — `_loadItem` reads the raw stored position, never `resumeOffset`	fixed	L2 (merge b6c75e9); 21c3d21; sweep (PR #742) re-verified	_savedPositionFor reads PositionStore.resumeOffset
qa	156	Restored mini bar shows 0:00 for a finished episode and then plays its last seconds — the restore path skips its seek when the offset is 0	fixed	L2 (merge b6c75e9); 21c3d21, 3cea06a; sweep (PR #742) re-verified	a finished episode's play starts at the top (resumeOffset); a moved restored thumb is always sought
qa	157	"Delete my data" reports success while the entire local listening queue survives in a second IndexedDB database	fixed	L6-persist-settings (merge c9273f7, PR #742); a10ea07, 4fde785	Delete my data purges the event-queue IndexedDB and re-reads to confirm
qa	158	A finished episode comes back to "Jump back in" claiming 0% played and the full runtime left	fixed	L2 (merge b6c75e9); 21c3d21; sweep (PR #742) re-verified	same as qa 27
qa	159	An hour in a Foray leaves the now-playing ribbon restoring a much older ordinary episode	fixed	L2 (merge b6c75e9); 931c23c; sweep (PR #742) re-verified	lastPlayedForay() compares the rows' updated_at; a Foray played last takes the ribbon
qa	160	A missing data/taxonomy.json wipes the listener's whole interests profile on their first play or thumb	fixed	L6-persist-settings (merge c9273f7, PR #742); 664fc6f	no write without a taxonomy; saves merge over the stored row
qa	161	The restored ribbon publishes lock-screen metadata with no action handlers and a 0:00 playhead	fixed	PR #733 (handlers); sweep (PR #742); 4b5213f	handlers installed on restore; syncMediaSession now reads the bar's position and duration, not the empty element's
qa	162	Restored mini bar shows "--:--" and a flat progress bar when the snapshot has no duration_sec, even though the position store recorded the real duration	fixed	L2 (merge b6c75e9); 3c7cf42; sweep (PR #742) re-verified	episodeDurationSec falls back to the position store's measured duration
qa	163	"Jump back in" Foray rows compute percent and "min left" against the STORED runtime, never the live one	fixed	sweep (PR #742); 4b5213f	forayResumeList measures against the live resolved Foray via resolveFor (app.js passes its gated resolver)
qa	164	The jingle toggle's label snaps back while the session honours the flip, when the write is refused	refuted	audit verifier	refuted by the 2026-09-22 adversarial verifier; kept so it is not re-raised
qa	165	"Open episode" from the restored ribbon says "Episode not found" when the app launches on any route but Home	fixed	L1-identity-nav (merge d4e8725, PR #742)	the restored episode is seeded into the index on every route
qa	166	"1 parts" on a one-part playlist's Jump back in card	fixed	L4-copy-labels (merge dd4ddcf, PR #742)	same as qa 107
qa	167	On a cold launch where the player module evaluates after route(), "Jump back in" loses every Foray row and nothing ever repaints it	fixed	L5 (merge 4c8dcb8); 552072a; sweep (PR #742) re-verified	Home repaints when the player module arrives late
qa	168	The stored playback speed can be lost for the whole session when hydration overruns app.js's 5-second race	fixed	sweep (PR #742); 4b5213f	late hydration hands the stored speed to a manager that already booted
qa	169	Playing an item with no id erases the last-episode pointer instead of leaving it alone	fixed	sweep (PR #742); 4b5213f	an id-less play leaves the last-episode pointer alone
qa	170	`episodeRemainingLabel`'s "finished" state is unreachable from its only caller, and is lowercase where the rest of the rail is sentence case	refuted	audit verifier	refuted by the 2026-09-22 adversarial verifier; kept so it is not re-raised
qa	171	Reading the playlist list mutates it: a playlist you never played is stamped `created: now`, so the drawer's recency order is invented at first read	refuted	audit verifier	refuted by the 2026-09-22 adversarial verifier; kept so it is not re-raised
qa	172	The durable store advertises a Capacitor Preferences tier it does not have, so inside the iOS shell every tier is still script-writable	fixed	L6-persist-settings (merge c9273f7, PR #742); 1d5a505	native Preferences tier built and wired (fake-bridge tested; device check is a founder step)
qa	173	`refusedWrites` — the counter built to prove positions are being recorded — cannot increment against the durable store	refuted	audit verifier	refuted by the 2026-09-22 adversarial verifier; kept so it is not re-raised
qa	174	A stale show list stays labelled "couldn't refresh" after the refresh succeeds	fixed	L5-states-boot (merge 4c8dcb8, PR #742)	a successful refresh clears 'couldn't refresh'
qa	175	"Jump back in" tells you a finished episode has its whole runtime left	fixed	L5-states-boot (merge 4c8dcb8, PR #742); 0b0de70	a finished episode's card says Played
qa	176	The Foray page prints two different segment counts, from two sources, one above the other	fixed	L5-states-boot (merge 4c8dcb8, PR #742); 4dd9357	the Foray header reads stripTally() from the strip's model
qa	177	"No results for X." renders directly above a full list of results	fixed	L5-states-boot (merge 4c8dcb8, PR #742)	'No shows found for …' scoped to shows, only once settled
qa	178	The Forays page asserts "0 forays" when the data or the player module failed to load	fixed	L5-states-boot (merge 4c8dcb8, PR #742)	a missing document or module shows a failure line with Try again
qa	179	"N segments can't play — listed below" counts segments that are not listed below	fixed	L5-states-boot (merge 4c8dcb8, PR #742)	unplayable rows and dropped clips counted separately
qa	180	41% of a Foray's advertised runtime is a character-count estimate shown as a measured clock	fixed	L5-states-boot (merge 4c8dcb8, PR #742)	an estimated runtime says 'about' / '~'
qa	181	The "Open in" setting governs nothing — both link-out builders are dead	fixed	L6-persist-settings (merge c9273f7, PR #742); fc0ba92	'Open in' deleted with its dead code, key and event
qa	182	Episode rows print an empty field between two separators when the duration is unknown	fixed	L4-copy-labels (merge dd4ddcf, PR #742)	same as qa 109
qa	183	Delete my data can report "This device is NOT fully clear. 0 key(s) would not clear."	fixed	L6-persist-settings (merge c9273f7, PR #742); a10ea07	plain-language failure reasons, no counts or jargon
qa	184	An exactly-one-hour episode reads "1h 0m"	fixed	L4-copy-labels (merge dd4ddcf, PR #742)	same as qa 147
qa	185	Three surfaces print "1 parts"; the fourth, in the same file, prints "1 part"	fixed	L4-copy-labels (merge dd4ddcf, PR #742)	same as qa 107
qa	186	The Foray header counts shows that will never be heard; the credit block below counts only the ones that will	fixed	L5-states-boot (merge 4c8dcb8, PR #742)	the header counts shows that will be heard
qa	187	A category page claims a category is empty when catalog-client.json failed to load	fixed	L5-states-boot (merge 4c8dcb8, PR #742)	a category page counts nothing until the catalogue answers
qa	188	Home's playlist card counts parts from a different source than every other surface	refuted	audit verifier	refuted by the 2026-09-22 adversarial verifier; kept so it is not re-raised
qa	189	A playlist's "N played" silently decreases as the 200-entry history ring rotates	fixed	L5-states-boot (merge 4c8dcb8, PR #742)	hasOpened() drives the played count and the next marker
qa	190	"There is nothing to clear on this page" is also what a failed clear says	refuted	audit verifier	refuted by the 2026-09-22 adversarial verifier; kept so it is not re-raised
qa	191	The subject-card duration silently omits episodes whose length is unknown	fixed	L5-states-boot (merge 4c8dcb8, PR #742)	a subject card states a total only when every episode has a duration
qa	192	"played <date>" is formatted in local time by a raw toLocaleDateString, and can read "Invalid Date"	fixed	L4-copy-labels (merge dd4ddcf, PR #742)	same as qa 144, NaN-guarded
qa	193	Home's greeting is computed once per render and goes stale on a page left open	fixed	L4-copy-labels (merge dd4ddcf, PR #742)	the greeting refreshes on foreground
persona	1	Audio stops dead at the end of every episode, and the setting that would fix it is off, jargon-named, and only works from one screen	fixed	L1-identity-nav (merge d4e8725, PR #742); 0d82535; sweep (PR #742) re-verified	not assigned to a lane; same defect as persona 30/47: continuous playback on by default
persona	2	After the app launches, the car's play button is dead — metadata is sent to the head unit but no action handlers are installed	already-fixed	PR #733; re-verified by L2	same defect as qa 23
persona	3	A "stop" press on the head unit tears the whole player down and unregisters every control, leaving the car with no transport at all	fixed	L2-player (merge b6c75e9, PR #742); 70bccf1, b75a25d	a car's stop pauses and keeps the controls; the Android notification's Stop still closes
persona	4	An episode that fails to play says nothing, anywhere — the tap is simply swallowed	fixed	L5-states-boot (merge 4c8dcb8, PR #742); e5ad5d7, 6242017, 639507e	a failed or refused play says so on the bar and sheet
persona	5	A network stall is completely silent: no spinner, no message, and the button keeps saying Pause with no sound coming out	fixed	L2-player (merge b6c75e9, PR #742); 9c2552a	a stall paints Buffering until audio resumes
persona	6	The steering-wheel next/previous buttons are permanently dead for ordinary episodes, even with a full Up Next list	fixed	L2-player (merge b6c75e9, PR #742); 70bccf1, 0d82535	steering-wheel next/previous come from the page's Up Next plan via setEpisodeNavigation (wired by the repair commit)
persona	7	A part-played Foray cannot be resumed from the mini bar — and the bar may show a stale single episode instead	fixed	L2-player (merge b6c75e9, PR #742); 931c23c, 530e949, 09801be	the ribbon offers the Foray played last and one press resumes it
persona	8	The Foray scrubber is a 12px-high strip where any stray tap instantly jumps you minutes through the hour	fixed	L3-styles-sheets (merge 3d734d2, PR #742); e901fcd	the strip has a 44px hit box and pan-y; a vertical flick scrolls; tap-to-seek kept (Joey's ruling)
persona	9	"Stop" and "Close" are identical ~30px pills side by side, and only one of them keeps your place	deliberate	audit verifier	the app is different on purpose; kept so the reason is on record
persona	10	The mini bar has exactly one control, so every other transport action costs two deliberate taps	fixed	visual pass 1 (PR #744); 0b6a300	the mini bar carries a 44px borderless back-15 beside the filled play; founder ruling 2026-09-23 (docs/DECISIONS.md)
persona	11	Up Next rows pack five targets including 22px-tall reorder arrows immediately beside a destructive remove	fixed	L3-styles-sheets (merge 3d734d2, PR #742)	same fix as qa 5/16
persona	12	"Start over" wipes your place in an hour-long programme from behind an 11px underlined text link	fixed	L3-styles-sheets (merge 3d734d2, PR #742)	target and spacing fixed; undoable Start over is a founder question
persona	13	The app talks to me in its own production vocabulary — "segments", "beats", "part 12 of 32"	fixed	L4-copy-labels (merge dd4ddcf, PR #742)	segments/part N of M became clips; the 'beats' title fixed by L8
persona	14	The only Foray a newcomer can actually play has no narration in it, so it does not do what onboarding just promised	deferred-founder	L8-foray-data (PR #741)	the only published Foray has no narration; publishing a narrated one is a founder action
persona	15	Tapping ▶ paints the button as "playing" before any audio exists, and a failed play says nothing at all	fixed	L3-styles-sheets (merge 3d734d2, PR #742); L5-states-boot (merge 4c8dcb8, PR #742)	hover no longer paints 'playing'; a failed play says so (persona 4)
persona	16	The row's play button turns into a pause glyph, and pressing it does not pause	already-fixed	PR #735 (+16a334a)	the row button toggles when it is the current item
persona	17	A brand-new user's first Home screen can be missing the Forays row entirely — and the code says so	already-fixed	audit verifier	already handled when audited
persona	18	Nothing in the app explains what a Foray is once the one-time sheet is gone	fixed	L5-states-boot (merge 4c8dcb8, PR #742)	FORAY_ABOUT is the #/forays subtitle and the first-run sheet's text
persona	19	Touching the search box empties the screen and throws away my scroll position	deliberate	audit verifier	the app is different on purpose; kept so the reason is on record
persona	20	Two navigation systems, different names for the same pages, and Forays is on neither tab	fixed	L1 (merge d4e8725); sweep (PR #742) re-verified	one name per destination (persona 76); Forays are a Library section per R6
persona	21	The "Episodes for you" section contains no episodes	deliberate	audit verifier	the app is different on purpose; kept so the reason is on record
persona	22	A failed episode load tells me to pull to refresh, and there is no pull to refresh	fixed	L4-copy-labels (merge dd4ddcf, PR #742); L5-states-boot (merge 4c8dcb8, PR #742)	same as qa 134
persona	23	The returning-user intro popup describes a Home screen that no longer exists	fixed	L4-copy-labels (merge dd4ddcf, PR #742); f47d075	the returning-user popup describes the Home that ships
persona	24	A Foray title ships the internal word "beats" to the listener	fixed	L8-foray-data (PR #741)	grilling-history-2 retitled; INTERNAL_VOCABULARY gate in check-forays and copyRules
persona	25	The Library's empty state sends me to a screen that has no playlist builder	fixed	L4-copy-labels (merge dd4ddcf, PR #742)	same as qa 108
persona	26	The Create tab ships a permanently dead "Foray" button, and its suggestion chips don't create anything	fixed	L1-identity-nav (merge d4e8725, PR #742)	suggestion pills fill and build in one tap; the disabled Foray toggle (D7/D8) is kept and asked of the founder
persona	27	Reordering Up Next rebuilds the whole list, so the row moves out from under my thumb	fixed	L3-styles-sheets (merge 3d734d2, PR #742)	after a reorder the page follows the thumb, focus follows, position is said
persona	28	A search can lock the page for seconds and then grow a new section, with nothing on screen saying to wait	fixed	L5-states-boot (merge 4c8dcb8, PR #742); 29a5a57, d479322	'Still looking for playlists…' while the scan is owed; the main-thread lock itself needs a Worker (founder question)
persona	29	Anything I queue from a show page or search shows up in Up Next as "Episode no longer available"	fixed	L1-identity-nav (merge d4e8725, PR #742)	same root as qa 95
persona	30	Up Next never plays through: auto-advance is off by default, buried in a drawer, and then still refuses most episodes	fixed	L1-identity-nav (merge d4e8725, PR #742); 0d82535	R2: continuous playback on by default, Up Next first then the chosen list
persona	31	Following a show has no consequence anywhere in the app	deliberate	audit verifier	the app is different on purpose; kept so the reason is on record
persona	32	My followed shows are not in Library — they are hidden behind the Search tab	fixed	L1-identity-nav (merge d4e8725, PR #742)	Library has a Followed shows section
persona	33	One star glyph, three meanings, and none of them is "follow"	fixed	L4 (merge dd4ddcf); sweep (PR #742) re-verified	shows are Follow/Followed, episodes Save/Saved (qa 67, qa 140)
persona	34	"Open in: Apple Podcasts" is one of only three settings I can see, and it controls nothing	fixed	L6-persist-settings (merge c9273f7, PR #742); fc0ba92	same as qa 181
persona	35	The ↻ button in the header throws me back to Home from whatever I was reading	fixed	L1-identity-nav (merge d4e8725, PR #742)	R9: header refresh re-renders the current page in place
persona	36	The same page is called "Shows" in the menu, "Search" in the tab bar, and its search box claims to search only shows	fixed	L1-identity-nav (merge d4e8725, PR #742)	one name, Search; the placeholder covers episodes
persona	37	Nothing in the app I can go back and read tells me what a Foray is	fixed	L5-states-boot (merge 4c8dcb8, PR #742)	same as persona 18
persona	38	A primary tab named "Create" greets me with a disabled button and an apology	deliberate	audit verifier	the app is different on purpose; kept so the reason is on record
persona	39	There is no way to put a specific episode into a playlist	deliberate	audit verifier	the app is different on purpose; kept so the reason is on record
persona	40	Episode rows leave about 114px for the title at phone width	fixed	visual pass 1 (PR #744); d55726e	the episode row has two tiers: the title spans the row, controls wrap under it; founder ruling 2026-09-23
persona	41	On my first day Home tells me a pick is "Outside your usual subjects" — I have no usual subjects	deliberate	audit verifier	the app is different on purpose; kept so the reason is on record
persona	42	A Foray title I can actually reach is written in internal vocabulary: "eight beats of a forty-beat history"	fixed	L8-foray-data (PR #741)	same as persona 24
persona	43	First launch is a blank screen behind a header — ~3.5 MB of JSON with no spinner, no skeleton, no text	fixed	L5-states-boot (merge 4c8dcb8, PR #742)	same as qa 101
persona	44	There is not one play button anywhere on the first-run Home screen	deferred-founder	L5-states-boot (merge 4c8dcb8, PR #742)	a one-tap play on Home's subject cards contradicts the in-code rationale for sequence cards; founder question
persona	45	The only explanation of what a Foray is lives behind one dismissable sheet, and the left-hand button destroys it forever	fixed	L5-states-boot (merge 4c8dcb8, PR #742)	the explanation now lives permanently on #/forays
persona	46	Sixty seconds after install the app tells me what my "usual subjects" are	deliberate	audit verifier	the app is different on purpose; kept so the reason is on record
persona	47	Continuous playback — the thing the founder explicitly wants for the car — is off by default, buried in the drawer, and never fires for anything I played from Home or a show page	fixed	L1-identity-nav (merge d4e8725, PR #742)	R2 continuous playback; 'then more of what fits' is #691 (founder question)
persona	48	The settings menu shows me the founder's debug switches: "Show draft Forays", "Voice engine probe", "Playback diagnostics"	fixed	L6-persist-settings (merge c9273f7, PR #742); e8fa3ee, 69c9c97	R8: founder tools in one collapsed Developer group
persona	49	"Open in: Apple Podcasts" is a setting that does literally nothing — its only consumer is dead code	fixed	L6-persist-settings (merge c9273f7, PR #742); fc0ba92	same as qa 181
persona	50	The Library tab does not contain Forays or Starred Shows, even though the tab bar routes #/forays to Library	fixed	L1-identity-nav (merge d4e8725, PR #742); bea5cfc	Library has Forays and Followed shows sections
persona	51	An empty state tells me to do something on a screen that has no such control	fixed	L4-copy-labels (merge dd4ddcf, PR #742)	same as qa 108
persona	52	"Create" is one of four primary tabs, and half of what it offers is permanently switched off	deliberate	audit verifier	the app is different on purpose; kept so the reason is on record
persona	53	The tab labelled "Search" opens a page headed "Shows" with 220 alphabetical rows and the search field pinned at the bottom	deliberate	audit verifier	the app is different on purpose; kept so the reason is on record
persona	54	The ↻ button reads as "reload" and actually teleports me to Home from whatever page I was on	fixed	L1-identity-nav (merge d4e8725, PR #742)	same as persona 35; the button is labelled 'Refresh this page'
persona	55	"Forays for you" is a section of one, and it is a startup-finance programme regardless of what I picked in onboarding	deliberate	audit verifier	the app is different on purpose; kept so the reason is on record
persona	56	"Episodes for you" contains no episodes — the cards are subject queues named after topics	deferred-founder	L4-copy-labels (merge dd4ddcf, PR #742)	the founder named 'Episodes for you' verbatim (ui-transition-plan §0); cards episode-shaped or rename? founder question
persona	57	Continuous playback is OFF by default and only works if you started from Up Next — so in the car, one episode ends and the app goes silent	fixed	L1-identity-nav (merge d4e8725, PR #742)	same as persona 47
persona	58	Inside a Foray the 15/30-second skip buttons silently turn into previous/next-clip, and there is no way left to nudge back a few seconds	fixed	visual pass 1 (PR #744); 0b6a300; ac42def	the seek pair seeks in every mode; previous/next clip are their own labelled row (aria-labels restored in the review) on the sheet and the Foray page; founder ruling 2026-09-23
persona	59	Three developer tools ship in every listener's Settings drawer: "Show draft Forays", "Voice engine probe", "Playback diagnostics"	fixed	L6-persist-settings (merge c9273f7, PR #742); e8fa3ee, 664fc6f	same as persona 48; Interests wording fixed
persona	60	"Back to the running order" — broadcast-industry jargon on a visible button in the expanded player	fixed	L4-copy-labels (merge dd4ddcf, PR #742)	'Back to this foray'
persona	61	One thing has five names in user-visible copy: segment, clip, piece, part, beat	fixed	L4-copy-labels (merge dd4ddcf, PR #742)	same as qa 145; strip and lock-screen counts share one item count
persona	62	Internal error strings with file paths are printed to the listener: "Can't play: segment X is not in data/segments.json"	fixed	L4-copy-labels (merge dd4ddcf, PR #742)	an unplayable row says 'This clip isn't available right now'; the raw reason is kept in data-reason
persona	63	Forays — the app's whole differentiator — are not a tab, and the drawer and tab bar give the same pages two different names	fixed	L1 (merge d4e8725); sweep (PR #742) re-verified	one name per destination; Forays live in Library per R6 rather than as a fifth tab
persona	64	The progress strip's accessible name — which is read aloud — is four pieces of jargon and two counts that contradict each other	fixed	L4-copy-labels (merge dd4ddcf, PR #742)	stripSummary reads in plain clips/shows/narrator terms
persona	65	The narrator says "this act", "Act one", "two acts back" out loud — a word the app never defines and never shows	deferred-founder	L8-foray-data (PR #741)	the narrator says 'act' aloud; fixing it means a generation run
persona	66	A Foray's title is "Barbecue: eight beats of a forty-beat history" — "beat" is the codebase's private word for a clip	deliberate	audit verifier	the app is different on purpose; kept so the reason is on record
persona	67	"STRETCH" in bold uppercase is the app's internal word for an exploration pick, and its explanation is the quietest line on the card	deliberate	audit verifier	the app is different on purpose; kept so the reason is on record
persona	68	The Interests page prints raw taxonomy ids ("engineering/energy-fusion") under every slider, and the reset button says "Reset to learned"	fixed	L4-copy-labels (merge dd4ddcf, PR #742); L6-persist-settings (merge c9273f7, PR #742)	no taxonomy ids; 'Back to 4a's pick'
persona	69	The voice picker says "Audition", "trial voices" and "Greyed voices are free downloads — fetch one in Settings"	fixed	L4-copy-labels (merge dd4ddcf, PR #742); feb7529, bdf61c0	Preview, plain voice copy
persona	70	"Playback diagnostics" — a drawer item every user can open — describes itself with "seam gaps", "out-point overshoot" and "load deadlines"	fixed	L4-copy-labels (merge dd4ddcf, PR #742); L6-persist-settings (merge c9273f7, PR #742)	diagnostics copy in plain English; moved into the Developer group by L6
persona	71	There is no Download button anywhere — offline listening does not exist	deliberate	audit verifier	the app is different on purpose; kept so the reason is on record
persona	72	Starring a show is inert — new episodes of shows I follow appear nowhere	deliberate	audit verifier	the app is different on purpose; kept so the reason is on record
persona	73	When an episode ends, playback just stops — continuous play is off by default and only works inside Up Next	fixed	L1-identity-nav (merge d4e8725, PR #742)	same as persona 47
persona	74	The "Search" tab does not open a search — it opens an A–Z list of 220 shows with the field at the bottom	fixed	L1-identity-nav (merge d4e8725, PR #742)	naming fixed; field position and the A-Z list are founder rulings (R6), not re-litigated
persona	75	The show-page error state tells me to use a gesture the app does not have	fixed	L4-copy-labels (merge dd4ddcf, PR #742)	same as qa 134
persona	76	Two navigation systems that name the same places differently	fixed	L1-identity-nav (merge d4e8725, PR #742)	the drawer uses the tab bar's names; Forays live inside Library
persona	77	"Create" is a primary tab, and half of its only control is permanently dead	deliberate	audit verifier	the app is different on purpose; kept so the reason is on record
persona	78	Nothing on any list tells me which episodes I already played, or how far in I am	fixed	L5-states-boot (merge 4c8dcb8, PR #742)	episode rows mark Played / NN min left / progress
persona	79	The now-playing bar: tapping the artwork does nothing, there is no skip, and Stop sits next to Close	fixed	L3-styles-sheets (merge 3d734d2, PR #742)	artwork opens Now Playing; Stop moved away from Close in the danger colour; skip button and dismiss consolidation are founder questions
persona	80	The Settings menu is full of developer switches	fixed	L6-persist-settings (merge c9273f7, PR #742); e8fa3ee	same as persona 48
persona	81	"Open in: Apple Podcasts / Pocket Casts" is a setting that changes nothing	fixed	L6-persist-settings (merge c9273f7, PR #742); fc0ba92	same as qa 181
persona	82	"Episodes for you" contains no episodes	deferred-founder	L4-copy-labels (merge dd4ddcf, PR #742)	same as persona 56; the subject card's star goes with the qa 78 restructure
persona	83	Forays — the whole point of the app — are unexplained after one dismissible sheet, and there is only one to play	fixed	L5-states-boot (merge 4c8dcb8, PR #742)	explanation half fixed; publishing more Forays is a founder data call
persona	84	Producer jargon in listener-facing copy: "segments", "beats", "the download counts"	fixed	L4-copy-labels (merge dd4ddcf, PR #742)	no 'download counts'; segment became clip
